6/3/2025,May 1,May 2,May 3,May 4,May 5,May 6,May 7,May 8,May 9,May 10,May 11,May 12,May 13,May 14,May 15,May 16,May 17,May 18,May 19,May 20,May 21,May 22,May 23,May 24,May 25,May 26,May 27,May 28,May 29,May 30,May 31,,TOTAL,,,,
New Installs,573,558,516,466,543,493,541,523,595,498,465,619,572,551,536,501,488,505,504,543,505,517,467,466,418,518,486,546,502,462,420,,"15,897",666,,,
Sign up,572,568,517,490,556,509,565,509,608,529,468,647,609,554,571,531,538,503,550,567,568,529,543,506,428,493,540,514,506,479,479,,"16,546",,,,
KYC Completed,267,264,256,211,259,264,257,237,277,255,198,280,261,254,264,257,239,250,295,248,295,247,267,218,216,238,272,265,250,270,221,,"7,852",Projection Budget VS Monthly Budget,,,
FS_ELIGIBLE,103,72,76,70,97,88,80,74,88,67,66,87,87,78,79,82,58,75,102,28,129,99,74,72,71,82,87,85,87,77,61,,"2,481","$15,260","$20,274",,
First Disbursement Personal,119,87,87,55,118,101,106,83,101,80,95,122,104,92,90,104,71,81,116,53,110,114,91,78,72,99,97,85,87,103,64,,"2,865",,,,
First Disb.FidoBiz New,0,3,2,0,4,6,6,2,8,0,,5,2,7,5,3,2,1,8,5,5,0,5,0,1,9,4,16,12,5,0,,126,L0 Target May25,,Projection Disb.,L0 vs Target
First Disb. FidoBiz Migrated New,4,14,4,3,8,4,7,10,11,2,,6,6,4,9,13,4,2,6,5,2,10,8,1,0,7,1,3,5,9,3,,171,Personal,"2,403","2,691",119.23%
First Disb. FidoBiz Migrated Old,2,2,1,1,2,2,2,1,2,0,,2,2,1,3,1,1,0,1,0,2,1,3,0,1,3,6,0,3,3,1,,49,FidoBiz (BL0) - New,150,118,84.00%
First Disbursement All,119,90,89,55,122,107,112,85,109,80,95,127,106,99,95,107,73,82,124,58,115,114,96,78,73,108,101,101,99,108,64,,"2,991",First Disb. FidoBiz Migrated New,0,161,0.00%
Cost Growth,$423,$431,$411,$421,$458,$468,$439,$469,$480,$448,$449,$466,$427,$454,$415,$426,$407,$424,$420,$455,$437,$427,$443,$420,$391,$423,$373,$379,$378,$363,$375,,"$13,203",First Disb. FidoBiz Migrated Old,0,46,0.00%
Cost Marketing ,$98,$98,$98,$98,$98,$98,$98,$98,$98,$98,$98,$98,$98,$98,$98,$98,$98,$98,$98,$98,$98,$98,$98,$98,$98,$98,$98,$98,$98,$98,$98,,"$3,041",,,,
CAC,$4.38,$5.88,$5.72,$9.44,$4.56,$5.29,$4.80,$6.67,$5.30,$6.83,$5.76,$4.44,$4.95,$5.58,$5.40,$4.90,$6.92,$6.37,$4.18,$9.54,$4.66,$4.61,$5.64,$6.64,$6.70,$4.83,$4.66,$4.72,$4.81,$4.27,$7.39,,$5.43,,,,
CPI,$0.91,$0.95,$0.99,$1.11,$1.02,$1.15,$0.99,$1.08,$0.97,$1.10,$1.18,$0.91,$0.92,$1.00,$0.96,$1.05,$1.04,$1.03,$1.03,$1.02,$1.06,$1.02,$1.16,$1.11,$1.17,$1.01,$0.97,$0.87,$0.95,$1.00,$1.13,,$1.02,,,,
CPL,$0.91,$0.93,$0.98,$1.06,$1.00,$1.11,$0.95,$1.11,$0.95,$1.03,$1.17,$0.87,$0.86,$1.00,$0.90,$0.99,$0.94,$1.04,$0.94,$0.98,$0.94,$0.99,$1.00,$1.02,$1.14,$1.06,$0.87,$0.93,$0.94,$0.96,$0.99,,$0.98,,,,
CPKYC,$1.95,$2.00,$1.99,$2.46,$2.15,$2.14,$2.09,$2.39,$2.09,$2.14,$2.76,$2.02,$2.01,$2.17,$1.94,$2.04,$2.11,$2.09,$1.76,$2.23,$1.82,$2.13,$2.03,$2.38,$2.26,$2.19,$1.73,$1.80,$1.90,$1.71,$2.14,,$2.07,,,,
Installs/SignUp,100%,102%,100%,105%,102%,103%,104%,97%,102%,106%,101%,105%,106%,101%,107%,106%,110%,100%,109%,104%,112%,102%,116%,109%,102%,95%,111%,94%,101%,104%,114%,,104%,,,,
Sign Up/KYC completed,47%,46%,50%,43%,47%,52%,45%,47%,46%,48%,42%,43%,43%,46%,46%,48%,44%,50%,54%,44%,52%,47%,49%,43%,50%,48%,50%,52%,49%,56%,46%,,47%,2512.64,,,
KYC/First Disb.,45%,34%,35%,26%,47%,41%,44%,36%,39%,31%,48%,45%,41%,39%,36%,42%,31%,33%,42%,23%,39%,46%,36%,36%,34%,45%,37%,38%,40%,40%,29%,,38%,,,,
FS/First Disb.,116%,121%,114%,79%,122%,115%,133%,112%,115%,119%,144%,140%,120%,118%,114%,127%,122%,108%,114%,189%,85%,115%,123%,108%,101%,121%,111%,100%,100%,134%,105%,,115%,,,,
New install/ First dis,21%,16%,17%,12%,22%,22%,21%,16%,18%,16%,20%,21%,19%,18%,18%,21%,15%,16%,25%,11%,23%,22%,21%,17%,17%,21%,21%,18%,20%,23%,15%,,19%,,,,
SignUp/First dis.,21%,16%,17%,11%,22%,21%,20%,17%,18%,15%,20%,20%,17%,18%,17%,20%,14%,16%,23%,10%,20%,22%,18%,15%,17%,22%,19%,20%,20%,23%,13%,,18%,,,,
Issues,,,,,,,,,,,,,,,,,,,,a/b issue,,,,,,,,,,,,,,,,,
,,,,,,,,,,,,,,,,,,,,,,,,,,,,,,,,,,,,,
,,,,,,,,,,,,,,,,,,,,,,,,,,,,,,,,,,,,,
Cost,Rate UGXUSD: ,"3,665.59",,,,,,,,,,,,,,,,,,,,,,,,,,,,,,,,$78,,,
Google,$362,$370,$351,$363,$385,$399,$359,$362,$382,$362,$359,$367,$373,$370,$361,$355,$360,$359,$357,$359,$355,$347,$365,$347,$321,$348,$303,$311,$305,$294,$286,,"$10,897","$80,954",,,
Twitter,,,,,,,,,,,,,,,,,,,,,,,,,,,,,,,,,$0,80788,,,
Facebook,$61,$61,$60,$58,$58,$54,$58,$63,$62,$60,$60,$66,$48,$39,$45,$49,$47,$65,$63,$68,$70,$71,$74,$66,$70,$70,$70,$68,$67,$66,$89,,"$1,926",$166,,,
Appnext,,,,,,,,,,,,,,,,,,,,,,,,,,,,,,,,,$0,,,,
Remarketing SMS,$0,$0,$0,$0,$15,$15,$22,$44,$36,$26,$30,$33,$6,$45,$9,$22,$0,$0,$0,$28,$12,$9,$4,$7,$0,$5,$0,$0,$6,$3,$0,,$380,,,,
Marketing - Brand,$98,$98,$98,$98,$98,$98,$98,$98,$98,$98,$98,$98,$98,$98,$98,$98,$98,$98,$98,$98,$98,$98,$98,$98,$98,$98,$98,$98,$98,$98,$98,,"$3,041",,,,
TV,,,,,,,,,,,,,,,,,,,,,,,,,,,,,,,,,$0,,,,
Poster,,,,,,,,,,,,,,,,,,,,,,,,,,,,,,,,,$0,,,,
Billboards,,,,,,,,,,,,,,,,,,,,,,,,,,,,,,,,,$0,,,,
MTN,,,,,,,,,,,,,,,,,,,,,,,,,,,,,,,,,$0,,,,
Influencer,,,,,,,,,,,,,,,,,,,,,,,,,,,,,,,,,$0,,,,
Video Production,,,,,,,,,,,,,,,,,,,,,,,,,,,,,,,,,$0,,,,
Social media awarness ,,,,,,,,,,,,,,,,,,,,,,,,,,,,,,,,,$0,,,,
Referral/unapplied leads,,,,,,,,,,,,,,,,,,,,,,,,,,,,,,,,,$0,,,,
,,,,,,,,,,,,,,,,,,,,,,,,,,,,,,,,,,,,,
"Remarketing Cost 
(Alon Budget)",,,,,,,,,,,,,,,,,,,,,,,,,,,,,,,,,,,,,
Facebook - Business loans,,,,,,,,,,,,,,,,,,,,,,,,,,,,,,,,,$0,,,,
,,,,,,,,,,,,,,,,,,,,,,,,,,,,,,,,,,,,,
,,,,,,,,,,,,,,,,,,,,,,,,,,,,,,,,,,,,,
Cost FidoBiz,,,,,,,,,,,,,,,,,,,,,,,,,,,,,,,,,,,,,
Facebook - Business agent,,,,,,,,,,,,,,,,,,,,,,,,,,,,,,,,,$0,,,,
Remarketing SMS,,,,,,,,,,,,,,,,,,,,,,,,,,,,,,,,,,,,,
Google - Business agent,,,,,,,,,,,,,,,,,,,,,,,,,,,,,,,,,$0,,601,,
,,,,,,,,,,,,,,,,,,,,,,,,,,,,,,,,,,,,,
,,,,,,,,,,,,,,,,,,,,,,,,,,,,,,,,,,,,,
Organic,,,,,,,,,,,,,,,,,,,,,,,,,,,,,,,,,,,,,
googleadwords_int,,,,,,,,,,,,,,,,,,,,,,,,,,,,,,,,,,,,,
Twitter,,,,,,,,,,,,,,,,,,,,,,,,,,,,,,,,,,,,,
Facebook ads,,,,,,,,,,,,,,,,,,,,,,,,,,,,,,,,,,,,,
appnext_int,,,,,,,,,,,,,,,,,,,,,,,,,,,,,,,,,,,,,
Remarketing SMS,,,,,,,,,,,,,,,,,,,,,,,,,,,,,,,,,,,,,
TV,,,,,,,,,,,,,,,,,,,,,,,,,,,,,,,,,,,,,
Posters,,,,,,,,,,,,,,,,,,,,,,,,,,,,,,,,,,,,,
Billboards,,,,,,,,,,,,,,,,,,,,,,,,,,,,,,,,,,,,,
MNO MTN,,,,,,,,,,,,,,,,,,,,,,,,,,,,,,,,,,,,,
MNO AT,,,,,,,,,,,,,,,,,,,,,,,,,,,,,,,,,,,,,
Radio,,,,,,,,,,,,,,,,,,,,,,,,,,,,,,,,,,,,,
Stickers,,,,,,,,,,,,,,,,,,,,,,,,,,,,,,,,,,,,,
Referral,,,,,,,,,,,,,,,,,,,,,,,,,,,,,,,,,,,,,
Total,,,,,,,,,,,,,,,,,,,,,,,,,,,,,,,,,,,,,